<?xml version="1.0" encoding="UTF-8"?>
<project-private xmlns="http://www.netbeans.org/ns/project-private/1">
    <editor-bookmarks xmlns="http://www.netbeans.org/ns/editor-bookmarks/2" lastBookmarkId="0"/>
    <open-files xmlns="http://www.netbeans.org/ns/projectui-open-files/2">
        <group>
            <file>file:/Users/johnhoffmanprinsloo/NetBeansProjects/POE_TaskLogger/src/poe_tasklogger/POE_TaskLogger.java</file>
            <file>file:/Users/johnhoffmanprinsloo/NetBeansProjects/POE_TaskLogger/src/poe_tasklogger/Login.java</file>
            <file>file:/Users/johnhoffmanprinsloo/NetBeansProjects/POE_TaskLogger/src/poe_tasklogger/Task.java</file>
            <file>file:/Users/johnhoffmanprinsloo/NetBeansProjects/POE_TaskLogger/src/poe_tasklogger/RunApplication.java</file>
        </group>
    </open-files>
</project-private>
